topic,advice,aug_type
–ü—É—Ç–µ—à–µ—Å—Ç–≤–∏—è,"üîÆ–ü—É—Å—Ç—å —Ç–≤–æ–∏ –ø—É—Ç–µ—à–µ—Å—Ç–≤–∏—è –±—É–¥—É—Ç –±–æ–ª–µ–µ –∏–Ω—Ç–µ—Ä–µ—Å–Ω—ã–º–∏, —á–µ–º –ø–æ—Å–ª–µ–¥–Ω–∏–π —ç–ø–∏–∑–æ–¥ –ª—é–±–∏–º–æ–≥–æ —Ç–≤–æ–µ–≥–æ —Å–µ—Ä–∏–∞–ª–∞.",original
–ü—É—Ç–µ—à–µ—Å—Ç–≤–∏—è,"üîÆ–ù–∞—Å–ª–∞–∂–¥–∞–π—Å—è –ø—É—Ç–µ—à–µ—Å—Ç–≤–∏—è–º–∏, –º–æ–π –¥—Ä—É–≥, –∏ –Ω–µ –±–æ–π—Å—è —Ç–∞–π–Ω—ã—Ö –∑–Ω–∞–Ω–∏–π, –∫–æ—Ç–æ—Ä—ã–µ –æ–Ω–∏ –Ω–µ—Å—É—Ç.",alternative
–ó–¥–æ—Ä–æ–≤—å–µ,"üîÆ–ß—Ç–æ –∫–∞—Å–∞–µ—Ç—Å—è –∑–¥–æ—Ä–æ–≤—å—è, –º–æ–π —Å–æ–≤–µ—Ç –∑–∞–∫–ª—é—á–∞–µ—Ç—Å—è –≤ —Ç–æ–º, —á—Ç–æ–±—ã —Å—á–∏—Ç–∞—Ç—å —Å–≤–æ–µ —Ç–µ–ª–æ —Ü–µ–Ω–Ω–µ–π—à–∏–º.",original
–ó–¥–æ—Ä–æ–≤—å–µ,"üîÆ–û—Å–æ–∑–Ω–∞–Ω–Ω–æ –æ—Ç–Ω–æ—Å–∏—Ç–µ—Å—å –∫ —Å–≤–æ–µ–º—É –∑–¥–æ—Ä–æ–≤—å—é, —Å—Ç–∞—Ä–∞—è—Å—å –ø–æ–¥–¥–µ—Ä–∂–∏–≤–∞—Ç—å –±–∞–ª–∞–Ω—Å –º–µ–∂–¥—É —Ñ–∏–∑–∏—á–µ—Å–∫–∏–º–∏, —É–º—Å—Ç–≤–µ–Ω–Ω—ã–º–∏ –∏ —ç–º–æ—Ü–∏–æ–Ω–∞–ª—å–Ω—ã–º.",with_context
–ó–¥–æ—Ä–æ–≤—å–µ,"üîÆ–ö–æ–≥–¥–∞ —Ä–µ—á—å –∑–∞—Ö–æ–¥–∏—Ç –æ –∑–¥–æ—Ä–æ–≤—å–µ, –º–æ–π —Å–æ–≤–µ—Ç –∑–∞–∫–ª—é—á–∞–µ—Ç—Å—è –≤ —Ç–æ–º, —á—Ç–æ–±—ã –æ—Ç–Ω–æ—Å–∏—Ç—å—Å—è –∫ —Å–≤–æ–µ–º—É —Ç–µ–ª—É –∫–∞–∫ –∫ —Å–∞–º–æ–º—É –¥—Ä–∞–≥–æ—Ü–µ–Ω–Ω–æ–º—É.",paraphrase
–ó–¥–æ—Ä–æ–≤—å–µ,üîÆ–û—Ç–¥–æ—Ö–Ω—É—Ç—å –∏ –ø—Ä–æ–¥–æ–ª–∂–∏—Ç—å —Ä–∞–±–æ—Ç—É –ø–æ—Ç–æ–º –±—É–¥–µ—Ç –Ω–∞–º–Ω–æ–≥–æ –ª—É—á—à–µ.,original
–ó–¥–æ—Ä–æ–≤—å–µ,"üîÆ–û—Ç–¥–æ—Ö–Ω—É—Ç—å –∏ –ø—Ä–æ–¥–æ–ª–∂–∏—Ç—å —Ä–∞–±–æ—Ç—É –ø–æ–∑–∂–µ ‚Äî —ç—Ç–æ –±—É–¥–µ—Ç –≥–æ—Ä–∞–∑–¥–æ –±–æ–ª–µ–µ –ø—Ä–æ–¥—É–∫—Ç–∏–≤–Ω–æ.",paraphrase
–ó–¥–æ—Ä–æ–≤—å–µ,üîÆ–û—Ç–¥–æ—Ö–Ω—É—Ç—å –∏ –ø—Ä–æ–¥–æ–ª–∂–∏—Ç—å —Ä–∞–±–æ—Ç—É –ø–æ—Ç–æ–º –±—É–¥–µ—Ç –Ω–∞–º–Ω–æ–≥–æ –ª—É—á—à–µ.,paraphrase
–ó–¥–æ—Ä–æ–≤—å–µ,üîÆ–û—Ç–¥–æ—Ö–Ω—É—Ç—å —Ç–µ–ø–µ—Ä—å –∏ —Å–¥–µ–ª–∞—Ç—å —Ä–∞–±–æ—Ç—É –ø–æ—Ç–æ–º –±—É–¥–µ—Ç –Ω–∞–º–Ω–æ–≥–æ –ª—É—á—à–µ.,paraphrase
–ß—Ç–æ –ø—Ä–∏–≥–æ—Ç–æ–≤–∏—Ç—å,"üîÆ–ù–∞–π–¥–∏ –≤–∞–∑—É –∏ –ø–æ—Å–º–æ—Ç—Ä–∏, —á—Ç–æ —Ç–∞–º.",original
–ß—Ç–æ –ø—Ä–∏–≥–æ—Ç–æ–≤–∏—Ç—å,"üîÆ–í –º–∏—Ä–µ –º–∞–≥–∏–∏ –∏ —Ç–∞–π–Ω, –∫–æ–≥–¥–∞ —Ç—ã –æ–¥–∏–Ω–æ–∫ –∏ –∑–∞–¥—É–º—á–∏–≤, –∏—â–µ—à—å —Å–≤–æ–π –ø—É—Ç—å, –∏—â–µ—à—å –∑–Ω–∞–Ω–∏—è –∏ —Å–∏–ª—É, –ø—Ä–∏–≥–æ—Ç–æ–≤—å —Å–µ—Ä–¥—Ü–µ –∏ —Ä–∞–∑—É–º –∫ –≤–µ–ª–∏—á–∏—é.",alternative
–ß—Ç–æ –ø—Ä–∏–≥–æ—Ç–æ–≤–∏—Ç—å,"üîÆ–û—Ç–∫—Ä–æ–π —Å–æ—Å—É–¥ –∏ –≤–Ω–∏–º–∞—Ç–µ–ª—å–Ω–æ –æ—Å–º–æ—Ç—Ä–∏ –≤–Ω—É—Ç—Ä–µ–Ω–Ω–æ—Å—Ç–∏.",paraphrase
–ß—Ç–æ –ø—Ä–∏–≥–æ—Ç–æ–≤–∏—Ç—å,"üîÆ–û—Ç–∫—Ä–æ–π —Å–æ—Å—É–¥ –∏ –ø–æ–∏—â–∏ –≤–Ω—É—Ç—Ä–∏.",paraphrase
–ó–¥–æ—Ä–æ–≤—å–µ,üîÆ–û—Ç–¥–æ—Ö–Ω—É—Ç—å –∏ –ø—Ä–æ–¥–æ–ª–∂–∏—Ç—å —Ä–∞–±–æ—Ç—É —Å –Ω–æ–≤–æ–π —Å–∏–ª–æ–π –ø–æ–º–æ–∂–µ—Ç –≤—Ä–µ–º—è –≤ –∫–æ–º–ø–∞–Ω–∏–∏ –¥—Ä—É–∑–µ–π.,original
–ó–¥–æ—Ä–æ–≤—å–µ,"üîÆ–ó–¥–æ—Ä–æ–≤—å–µ ‚Äî –æ–¥–Ω–æ –∏–∑ —Å–∞–º—ã—Ö –≤–∞–∂–Ω—ã—Ö –∞—Å–ø–µ–∫—Ç–æ–≤ –∂–∏–∑–Ω–∏, –æ—Ç –∫–æ—Ç–æ—Ä–æ–≥–æ –∑–∞–≤–∏—Å–∏—Ç –Ω–∞—à–µ –æ–±—â–µ–µ —Å–æ—Å—Ç–æ—è–Ω–∏–µ –∏ —É—Å–ø–µ—à–Ω–æ—Å—Ç—å –≤ —Ä–∞–∑–ª–∏—á–Ω—ã—Ö –æ–±–ª–∞—Å—Ç—è—Ö –¥–µ—è—Ç–µ–ª—å–Ω–æ—Å—Ç–∏.",with_context
–ó–¥–æ—Ä–æ–≤—å–µ,"üîÆ–û—Ç–¥–æ—Ö–Ω—É—Ç—å –∏ –æ–±–Ω–æ–≤–∏—Ç—å—Å—è, —á—Ç–æ–±—ã –ø—Ä–æ–¥–æ–ª–∂–∏—Ç—å —Ä–∞–±–æ—Ç—É —Å –ø–æ–ª–Ω–æ–π —Å–∏–ª–æ–π, –≤—ã —Å–º–æ–∂–µ—Ç–µ –≤ —Ö–æ—Ä–æ—à–µ–π –∫–æ–º–ø–∞–Ω–∏–∏ –¥—Ä—É–∑–µ–π.",paraphrase
–ß—Ç–æ –ø—Ä–∏–≥–æ—Ç–æ–≤–∏—Ç—å,üîÆ–ü—Ä–∏–≥–æ—Ç–æ–≤—å —Å–µ–±–µ –≤–∫—É—Å–Ω–µ–π—à–∏–π —Ç–æ—Å—Ç —Å –∞–≤–æ–∫–∞–¥–æ –∏ –π–æ–≥—É—Ä—Ç–æ–º.,original
–ß—Ç–æ –ø—Ä–∏–≥–æ—Ç–æ–≤–∏—Ç—å,"üîÆ–ü—Ä–∏–≥–æ—Ç–æ–≤—å—Ç–µ—Å—å –∫ —Ç–∞–π–Ω–æ–π –≤—Å—Ç—Ä–µ—á–µ —Å –ø—Ä–æ—à–ª—ã–º, –∫–æ—Ç–æ—Ä–∞—è –∏–∑–º–µ–Ω–∏—Ç –≤–∞—à–µ –±—É–¥—É—â–µ–µ.",alternative
–ß—Ç–æ –ø—Ä–∏–≥–æ—Ç–æ–≤–∏—Ç—å,"üîÆ–ü—Ä–∏–≥–æ—Ç–æ–≤–ª–µ–Ω–∏–µ —Ç–æ—Å—Ç–∞ —Å –∞–≤–æ–∫–∞–¥–æ –∏ –π–æ–≥—É—Ä—Ç–æ–º —è–≤–ª—è–µ—Ç—Å—è –∏–¥–µ–∞–ª—å–Ω—ã–º –≤—ã–±–æ—Ä–æ–º –¥–ª—è –æ–±–µ—Å–ø–µ—á–µ–Ω–∏—è –∑–¥–æ—Ä–æ–≤–æ–≥–æ –ø–∏—Ç–∞–Ω–∏—è –∏ —É–ª—É—á—à–µ–Ω–∏—è –≤–∫—É—Å–∞.",with_context
–ß—Ç–æ –ø—Ä–∏–≥–æ—Ç–æ–≤–∏—Ç—å,"üîÆ–ü—Ä–∏–≥–æ—Ç–æ–≤—å—Ç–µ –º–∞–≥–∏—á–µ—Å–∫–∏–π –∫–æ—à–µ–ª—ë–∫, –∫–æ—Ç–æ—Ä—ã–π –±—É–¥–µ—Ç –Ω–∞–ø–æ–ª–Ω—è—Ç—å—Å—è –¥–µ–Ω—å–≥–∞–º–∏, –∫–æ–≥–¥–∞ –≤—ã –±—É–¥–µ—Ç–µ –¥—É–º–∞—Ç—å –æ –Ω–∏—Ö.",alternative
–°–µ–º—å—è,"üîÆ–û—Ç–∫—Ä–æ–π —Å–µ–º–µ–π–Ω—É—é –±–∏–±–ª–∏–æ—Ç–µ–∫—É –∏ –Ω–∞–π–¥–∏ —Ç–∞–º –∫–Ω–∏–≥—É, –æ –∫–æ—Ç–æ—Ä–æ–π —Ä–∞–Ω—å—à–µ –Ω–µ –∑–Ω–∞–ª.",original
–°–µ–º—å—è,"üîÆ–°–µ–º—å—è ‚Äî —ç—Ç–æ –Ω–µ –ø—Ä–æ—Å—Ç–æ –∫—Ä–æ–≤, —ç—Ç–æ –∏—Å—Ç–∏–Ω–Ω–∞—è —Å–∏–ª–∞, –∫–æ—Ç–æ—Ä–∞—è —Å–æ—Ö—Ä–∞–Ω—è–µ—Ç –Ω–∞—Å –Ω–∞ –ø—Ä–æ—Ç—è–∂–µ–Ω–∏–∏ –≤—Å–µ–π –∂–∏–∑–Ω–∏.",alternative
–ó–¥–æ—Ä–æ–≤—å–µ,"üîÆ–û—Ç–ª–æ–∂–∏ –¥–µ–ª–∞ –∏ –Ω–∞—Å–ª–∞–∂–¥–∞–π—Å—è —Å–ø–æ–∫–æ–π–Ω—ã–º –≤—Ä–µ–º–µ–Ω–µ–º. –ó–¥–æ—Ä–æ–≤—å–µ —Ç—Ä–µ–±—É–µ—Ç –≤–Ω–∏–º–∞–Ω–∏—è –∏ –∑–∞–±–æ—Ç—ã.",original
–ó–¥–æ—Ä–æ–≤—å–µ,"üîÆ–ó–¥–æ—Ä–æ–≤—å–µ ‚Äî —ç—Ç–æ —Å–æ—Å—Ç–æ—è–Ω–∏–µ –≥–∞—Ä–º–æ–Ω–∏–∏ –º–µ–∂–¥—É —Ç–µ–ª–æ–º, –¥—É—à–æ–π –∏ —Ä–∞–∑—É–º–æ–º.",alternative
–ó–¥–æ—Ä–æ–≤—å–µ,"üîÆ–ó–¥–æ—Ä–æ–≤—å–µ ‚Äî –æ–¥–Ω–æ –∏–∑ –æ—Å–Ω–æ–≤–Ω—ã—Ö –∫–∞—á–µ—Å—Ç–≤, –∫–æ—Ç–æ—Ä–æ–µ –æ–±–µ—Å–ø–µ—á–∏–≤–∞–µ—Ç –Ω–∞–º –≤–æ–∑–º–æ–∂–Ω–æ—Å—Ç—å –≤–µ—Å—Ç–∏ –∞–∫—Ç–∏–≤–Ω—É—é –∂–∏–∑–Ω—å –∏ –∞–∫—Ç–∏–≤–Ω–æ—Å—Ç–∏.",with_context
–î–µ—Ç–∏,üîÆ–¢—ã –Ω–∞ —Å–≤–æ—ë–º –º–µ—Å—Ç–µ.,original
–î–µ—Ç–∏,üîÆ–¢—ã –Ω–∞ –≤–µ—Ä–Ω–æ–º –ø—É—Ç–∏.,paraphrase
–î–µ—Ç–∏,"üîÆ–í—ã –¥–æ–ª–∂–Ω—ã –æ—Ç—ã—Å–∫–∞—Ç—å –∏—Å—Ç–æ—á–Ω–∏–∫ —Å–≤–æ–µ–≥–æ –≤–Ω—É—Ç—Ä–µ–Ω–Ω–µ–≥–æ —Å–º–∏—Ä–µ–Ω–∏—è, –∫–æ—Ç–æ—Ä–æ–µ –º–µ–¥–ª–µ–Ω–Ω–æ, –Ω–æ –≤–µ—Ä–Ω–æ –ø—Ä–µ–≤—Ä–∞—â–∞–µ—Ç—Å—è –≤ —Å–∏–ª—É.",alternative
–í—ã—Ö–æ–¥–Ω—ã–µ,"üîÆ–ß—Ç–æ –±—ã –Ω–∏ —Å–ª—É—á–∏–ª–æ—Å—å, –¥–µ–ª–∏—Å—å —Å –¥—Ä—É–∑—å—è–º–∏.",original
–í—ã—Ö–æ–¥–Ω—ã–µ,"üîÆ–ù–µ–∑–∞–≤–∏—Å–∏–º–æ –æ—Ç —Ç–æ–≥–æ, —á—Ç–æ –ø—Ä–æ–∏–∑–æ–π–¥–µ—Ç, –¥–µ–ª–∏—Ç–µ—Å—å —Å –¥—Ä—É–∑—å—è–º–∏.",paraphrase
–í—ã—Ö–æ–¥–Ω—ã–µ,"üîÆ–ù–∏—á—Ç–æ –Ω–µ –ø–æ–º–µ—à–∞–µ—Ç —Ç–µ–±–µ, –¥–µ–ª–∏—Å—å —Å –¥—Ä—É–∑—å—è–º–∏.",paraphrase
–ó–¥–æ—Ä–æ–≤—å–µ,"üîÆ–û—Ç–¥—ã—Ö ‚Äî —ç—Ç–æ –∫–ª—é—á –∫ –∑–¥–æ—Ä–æ–≤—å—é. –ù–µ –∑–∞–±—ã–≤–∞–π –¥–µ–ª–∞—Ç—å –ø–µ—Ä–µ—Ä—ã–≤—ã, —á—Ç–æ–±—ã —Ç–µ–ª–æ –∏ —É–º –º–æ–≥–ª–∏ –≤–æ—Å—Å—Ç–∞–Ω–æ–≤–∏—Ç—å—Å—è.",original
–ó–¥–æ—Ä–æ–≤—å–µ,"üîÆ–ó–¥–æ—Ä–æ–≤—å–µ ‚Äî —ç—Ç–æ –æ–¥–∏–Ω –∏–∑ –æ—Å–Ω–æ–≤–Ω—ã—Ö —Ñ–∞–∫—Ç–æ—Ä–æ–≤ —É—Å–ø–µ—à–Ω–æ—Å—Ç–∏ –≤ –∂–∏–∑–Ω–∏, –∏ –æ—Ç–¥—ã—Ö —è–≤–ª—è–µ—Ç—Å—è –≤–∞–∂–Ω—ã–º –∫–æ–º–ø–æ–Ω–µ–Ω—Ç–æ–º –¥–ª—è –µ–≥–æ –ø–æ–¥–¥–µ—Ä–∂–∞–Ω–∏—è.",with_context
–ï–¥–∞,üîÆ–ù–∞—Å–ª–∞–¥–∏—Å—å –ø—Ä–æ—Ü–µ—Å—Å–æ–º –ø—Ä–∏–≥–æ—Ç–æ–≤–ª–µ–Ω–∏—è –ø–∏—â–∏.,original
–ï–¥–∞,üîÆ–ü–æ–∑–≤–æ–ª—å —Å–µ–±–µ –Ω–∞—Å–ª–∞–∂–¥–∞—Ç—å—Å—è –ø—Ä–æ—Ü–µ—Å—Å–æ–º –ø—Ä–∏–≥–æ—Ç–æ–≤–ª–µ–Ω–∏—è –µ–¥—ã.,paraphrase
–î–µ–Ω—å–≥–∏,"üîÆ–û—Ç–∫—Ä–æ–π –≥–ª–∞–∑–∞ –∏ –ø–æ—Å–º–æ—Ç—Ä–∏ –≤–æ–∫—Ä—É–≥. –î–µ–Ω—å–≥–∏ ‚Äî —ç—Ç–æ –≤—Å–µ–≥–æ –ª–∏—à—å –∏–Ω—Å—Ç—Ä—É–º–µ–Ω—Ç, –∫–æ—Ç–æ—Ä—ã–º —É–ø—Ä–∞–≤–ª—è–µ—à—å —Ç—ã —Å–∞–º.",original
–î–µ–Ω—å–≥–∏,"üîÆ–û—Ç–∫—Ä–æ–π –≥–ª–∞–∑–∞ –∏ –ø–æ—Å–º–æ—Ç—Ä–∏ –≤–æ–∫—Ä—É–≥. –î–µ–Ω—å–≥–∏ ‚Äî —ç—Ç–æ –≤—Å–µ–≥–æ –ª–∏—à—å –∏–Ω—Å—Ç—Ä—É–º–µ–Ω—Ç, –∫–æ—Ç–æ—Ä—ã–º —É–ø—Ä–∞–≤–ª—è–µ—à—å —Ç—ã —Å–∞–º. –û–Ω–∏ —Å–ª—É–∂–∞—Ç —Å—Ä–µ–¥—Å—Ç–≤–æ–º –æ–±–º–µ–Ω–∞, –Ω–æ –Ω–µ –¥–æ–ª–∂–Ω—ã —Å—Ç–∞—Ç—å —Ü–µ–ª—å—é –∂–∏–∑–Ω–∏.",with_context
–ö–∞—Ä—å–µ—Ä–∞,üîÆ–û—Ç–∫—Ä–æ–π –¥–ª—è —Å–µ–±—è –Ω–æ–≤—ã–π –º–∏—Ä –≤–æ–∑–º–æ–∂–Ω–æ—Å—Ç–µ–π.,original
–¢–∞–π–Ω—ã,"üîÆ–û—Ç–∫—Ä–æ–π –¥–ª—è —Å–µ–±—è —Ç–∞–π–Ω—ã–π –º–∏—Ä, –≥–¥–µ –∑–∞–≥–∞–¥–∫–∏ –∂–¥—É—Ç —Å–≤–æ–µ–≥–æ –∏—Å—Å–ª–µ–¥–æ–≤–∞—Ç–µ–ª—è.",original
–¢–∞–π–Ω—ã,"üîÆ–û—Ç–∫—Ä–æ–π –≥–ª–∞–∑–∞, –∏ —Ç—ã –∑–∞–∫—Ä–æ–µ—à—å —Ç—ã—Å—è—á—É –ø—Ä–æ–±–ª–µ–º.",paraphrase
–ß—Ç–æ –ø—Ä–∏–≥–æ—Ç–æ–≤–∏—Ç—å,üîÆ–ù–µ –∑–∞–±—ã–≤–∞–π –¥–æ–±–∞–≤–∏—Ç—å –Ω–µ–º–Ω–æ–≥–æ –º–∞–≥–∏–∏ –≤ –∫–∞–∂–¥—ã–π —à–∞–≥.,original
–ß—Ç–æ –ø—Ä–∏–≥–æ—Ç–æ–≤–∏—Ç—å,üîÆ–ù–µ –∑–∞–±—ã–≤–∞–π –¥–æ–±–∞–≤–∏—Ç—å –Ω–µ–º–Ω–æ–≥–æ –≤–æ–ª—à–µ–±—Å—Ç–≤–∞ –≤ –∫–∞–∂–¥—ã–π –¥–µ–Ω—å.,paraphrase
–î–µ—Ç–∏,"üîÆ–û—Ç–≤–µ—Ç—ã –Ω–∞ —Ç–≤–æ–∏ –¥–µ—Ç—Å–∫–∏–µ –≤–æ–ø—Ä–æ—Å—ã –ø–æ—Ä–æ–π –∑–∞–º–∞–Ω—á–∏–≤—ã, –Ω–æ –ª—É—á—à–µ –ø–æ–¥–æ–π—Ç–∏ –∫ –¥–µ–ª—É —Å–µ—Ä—å—ë–∑–Ω–æ.",original
–î–µ—Ç–∏,"üîÆ–û—Ç–≤–µ—Ç—ã –Ω–∞ —Ç–≤–æ–∏ –¥–µ—Ç—Å–∫–∏–µ –≤–æ–ø—Ä–æ—Å—ã –º–æ–≥—É—Ç –±—ã—Ç—å –æ—á–µ–Ω—å –ø—Ä–∏–≤–ª–µ–∫–∞—Ç–µ–ª—å–Ω—ã–º–∏, –Ω–æ —Å–µ—Ä—å—ë–∑–Ω–µ–µ –æ—Ç–Ω–æ—Å–∏—Ç—å—Å—è –∫ –¥–µ–ª—É –≤—Å–µ–≥–¥–∞ –ª—É—á—à–µ.",paraphrase
–î–µ—Ç–∏,"üîÆ–û—Ç–≤–µ—Ç—ã –Ω–∞ —Ç–≤–æ–∏ –¥–µ—Ç—Å–∫–∏–µ –≤–æ–ø—Ä–æ—Å—ã –º–æ–≥—É—Ç –±—ã—Ç—å –æ—á–µ–Ω—å –ø—Ä–∏–≤–ª–µ–∫–∞—Ç–µ–ª—å–Ω—ã, –Ω–æ —Å–µ—Ä—å—ë–∑–Ω–µ–µ –ø–æ–¥—Ö–æ–¥–∏—Ç—å –∫ –¥–µ–ª—É –±—É–¥–µ—Ç –ª—É—á—à–µ.",paraphrase
–ó–¥–æ—Ä–æ–≤—å–µ,"üîÆ–û—Ç–¥–æ—Ö–Ω—É—Ç—å, –¥–∞–∂–µ –µ—Å–ª–∏ —ç—Ç–æ –∫–∞–∂–µ—Ç—Å—è –Ω–µ–≤–∞–∂–Ω—ã–º, –∏–º–µ–µ—Ç —Ä–µ—à–∞—é—â–µ–µ –∑–Ω–∞—á–µ–Ω–∏–µ –¥–ª—è –∑–¥–æ—Ä–æ–≤—å—è.",original
–ó–¥–æ—Ä–æ–≤—å–µ,"üîÆ–î–∞–∂–µ –µ—Å–ª–∏ –∫–∞–∂–µ—Ç—Å—è, —á—Ç–æ –ø–µ—Ä–µ–¥–æ—Ö–Ω—É—Ç—å –Ω–µ –Ω—É–∂–Ω–æ, —ç—Ç–æ –∏–º–µ–µ—Ç —Ä–µ—à–∞—é—â–µ–µ –∑–Ω–∞—á–µ–Ω–∏–µ –¥–ª—è –≤–∞—à–µ–≥–æ –∑–¥–æ—Ä–æ–≤—å—è.",paraphrase
–ó–¥–æ—Ä–æ–≤—å–µ,"üîÆ–û—Ç–¥–æ—Ö–Ω—É—Ç—å, –¥–∞–∂–µ –µ—Å–ª–∏ —ç—Ç–æ –∫–∞–∂–µ—Ç—Å—è –Ω–µ–≤–∞–∂–Ω—ã–º, –∏–º–µ–µ—Ç —Ä–µ—à–∞—é—â–µ–µ –∑–Ω–∞—á–µ–Ω–∏–µ –¥–ª—è –∑–¥–æ—Ä–æ–≤—å—è.",with_context
–ï–¥–∞,"üîÆ–ï–¥–∞ ‚Äî —ç—Ç–æ –Ω–µ —Ç–æ–ª—å–∫–æ –ø–∏—â–∞, –Ω–æ –∏ –ø—Ä–∏–∫–ª—é—á–µ–Ω–∏–µ.",original
–ï–¥–∞,"üîÆ–ù–∞–π–¥–∏—Ç–µ –µ–¥—É, –∫–æ—Ç–æ—Ä–∞—è —Å–∏–º–≤–æ–ª–∏–∑–∏—Ä—É–µ—Ç –≤–∞—à—É –∂–∏–∑–Ω–µ–Ω–Ω—É—é —Å–∏–ª—É.",alternative
–ï–¥–∞,"üîÆ–ï–¥–∞ ‚Äî —ç—Ç–æ –Ω–µ —Ç–æ–ª—å–∫–æ –ø–∏—â–∞, –Ω–æ –∏ –ø—Ä–∏–∫–ª—é—á–µ–Ω–∏–µ, –∫–æ—Ç–æ—Ä—ã–º –º–æ–∂–Ω–æ –Ω–∞—Å–ª–∞–∂–¥–∞—Ç—å—Å—è –Ω–∞ –≤—Å–µ—Ö —É—Ä–æ–≤–Ω—è—Ö, –æ—Ç –ø—Ä–æ—Å—Ç—ã—Ö –±–ª—é–¥ –¥–æ —Å–ª–æ–∂–Ω—ã—Ö —Ä–µ—Ü–µ–ø—Ç–æ–≤.",with_context
–ó—Ä–µ–ª–æ—Å—Ç—å,üîÆ–í–∑–≥–ª—è–Ω–∏ –Ω–∞ –º–∏—Ä —Å–∫–≤–æ–∑—å –ø—Ä–∏–∑–º—É —é–º–æ—Ä–∞.,original
–î–µ—Ç–∏,üîÆ–î–µ—Ç–∏ ‚Äî —Ç–µ–Ω–∏ –≤–µ–ª–∏–∫–æ–≥–æ –¥—Ä–µ–≤–∞ –ø–æ–∑–Ω–∞–Ω–∏–π.,original
–î–µ—Ç–∏,üîÆ–†–µ–±—ë–Ω–æ–∫ ‚Äî —ç—Ç–æ —Å–ª–µ–¥ —Ç–µ–Ω–∏ –≤–µ–ª–∏–∫–æ–≥–æ –¥–µ—Ä–µ–≤–∞ –∑–Ω–∞–Ω–∏–π.,paraphrase
–î–µ—Ç–∏,üîÆ–†–µ–±—ë–Ω–æ–∫ ‚Äî —ç—Ç–æ —Ç–µ–Ω—å –≤–µ–ª–∏–∫–æ–≥–æ –¥–µ—Ä–µ–≤–∞ –∑–Ω–∞–Ω–∏–π.,paraphrase
–î–µ–Ω—å —Ä–æ–∂–¥–µ–Ω–∏—è,üîÆ–ù–∞—Å–ª–∞–∂–¥–∞–π—Å—è –∫—Ä–∞—Å–æ—Ç–æ–π —Å–≤–æ–µ–≥–æ —Ä–æ–∂–¥–µ–Ω–∏—è.,original
–ú–µ—á—Ç—ã,"üîÆ–ß—Ç–æ–±—ã –¥–æ—Å—Ç–∏—á—å —Å–≤—è—â–µ–Ω–Ω–æ–≥–æ –∏—Å—Ç–∏–Ω–Ω–æ–≥–æ –∑–Ω–∞–Ω–∏—è, –∏—â–∏ —Ç–≤–æ—Ä—á–µ—Å—Ç–≤–æ –≤ —Å–≤–æ—ë–º –≤–Ω—É—Ç—Ä–µ–Ω–Ω–µ–º –º–∏—Ä–µ.",original
–ú–µ—á—Ç—ã,"üîÆ–ú–µ—á—Ç—ã —è–≤–ª—è—é—Ç—Å—è –º–æ—â–Ω—ã–º –∏–Ω—Å—Ç—Ä—É–º–µ–Ω—Ç–æ–º –¥–ª—è —Å–∞–º–æ–ø–æ–∑–Ω–∞–Ω–∏—è –∏ —Å–∞–º–æ–≤—ã—Ä–∞–∂–µ–Ω–∏—è.",with_context
–ö–∞—Ä—å–µ—Ä–∞,"üîÆ–û—Ç–∫—Ä–æ–π –¥–ª—è —Å–µ–±—è —Ç–∞–π–Ω—ã —Å–≤–æ–µ–π –¥—É—à–∏, –∏ —Ç–≤–æ—è –∫–∞—Ä—å–µ—Ä–∞ –Ω–∞–π–¥—ë—Ç —Ç–µ–±—è —Å–∞–º–∞.",original
–ö–∞—Ä—å–µ—Ä–∞,"üîÆ–û—Ç–∫—Ä–æ–π –¥–ª—è —Å–µ–±—è —Ç–∞–π–Ω—ã —Å–≤–æ–µ–≥–æ –≤–Ω—É—Ç—Ä–µ–Ω–Ω–µ–≥–æ –º–∏—Ä–∞, –∏ —Ç–≤–æ—è –∫–∞—Ä—å–µ—Ä–∞ –Ω–∞–π–¥—ë—Ç —Ç–µ–±—è —Å–∞–º–∞.",paraphrase
–ö–∞—Ä—å–µ—Ä–∞,üîÆ–ü—Ä–∏—Å–ª—É—à–∏–≤–∞–π—Å—è –∫ —Å–æ–≤–µ—Ç–∞–º.,original
–ö–∞—Ä—å–µ—Ä–∞,üîÆ–ü—Ä–∏—Å–ª—É—à–∞–π—Å—è –∫ —Å–æ–≤–µ—Ç–∞–º.,paraphrase
–ö–∞—Ä—å–µ—Ä–∞,"üîÆ–ü—Ä–∏—Å–ª—É—à–∞–π—Å—è –∫ —Å–æ–≤–µ—Ç–∞–º –±–æ–ª–µ–µ –æ–ø—ã—Ç–Ω—ã—Ö –∫–æ–ª–ª–µ–≥.",with_context
–ü—É—Ç–µ—à–µ—Å—Ç–≤–∏—è,üîÆ–°–æ–≥–ª–∞—à–∞–π—Å—è –Ω–∞ –ª—é–±–æ–µ –ø—É—Ç–µ—à–µ—Å—Ç–≤–∏–µ.,original
–ü—É—Ç–µ—à–µ—Å—Ç–≤–∏—è,"üîÆ–ü—É—Ç–µ—à–µ—Å—Ç–≤–∏–µ ‚Äî —ç—Ç–æ –ø—É—Ç—å –∫ —Å–∞–º–æ–ø–æ–∑–Ω–∞–Ω–∏—é, –≥–¥–µ –∫–∞–∂–¥—ã–π —à–∞–≥ –æ—Ç–∫—Ä—ã–≤–∞–µ—Ç –Ω–æ–≤—É—é —Å—Ç—Ä–∞–Ω–∏—Ü—É –≤–∞—à–µ–π –∂–∏–∑–Ω–∏.",alternative
–ü—É—Ç–µ—à–µ—Å—Ç–≤–∏—è,"üîÆ–ü—É—Ç–µ—à–µ—Å—Ç–≤–∏—è –º–æ–≥—É—Ç —Å—Ç–∞—Ç—å –º–æ—â–Ω—ã–º –∏—Å—Ç–æ—á–Ω–∏–∫–æ–º –ª–∏—á–Ω–æ—Å—Ç–Ω–æ–≥–æ —Ä–æ—Å—Ç–∞ –∏ —Å–∞–º–æ–æ–ø—Ä–µ–¥–µ–ª–µ–Ω–∏—è.",with_context
–ü—É—Ç–µ—à–µ—Å—Ç–≤–∏—è,üîÆ–°–æ–≥–ª–∞—à–∞–π—Å—è –Ω–∞ –ª—é–±–æ–µ –ø—Ä–∏–∫–ª—é—á–µ–Ω–∏–µ.,paraphrase
–î–µ–Ω—å —Ä–æ–∂–¥–µ–Ω–∏—è,"üîÆ–°–µ–≥–æ–¥–Ω—è –ª—É—á—à–µ–µ –≤—Ä–µ–º—è –¥–ª—è –ø—Ä–∏–æ–±—Ä–µ—Ç–µ–Ω–∏—è –Ω–æ–≤–æ–≥–æ –¥—Ä—É–≥–∞, –∑–∞–≤–µ–¥–∏ —Å–æ–±–∞–∫—É.",original
–î–µ–Ω—å —Ä–æ–∂–¥–µ–Ω–∏—è,üîÆ–°–µ–≥–æ–¥–Ω—è –ª—É—á—à–µ–µ –≤—Ä–µ–º—è –¥–ª—è –ø—Ä–∏–æ–±—Ä–µ—Ç–µ–Ω–∏—è –Ω–æ–≤–æ–≥–æ –¥—Ä—É–≥–∞.üê∂,paraphrase
–ó—Ä–µ–ª–æ—Å—Ç—å,üîÆ–í–æ–∑—å–º–∏ –ª–∏—Å—Ç –±—É–º–∞–≥–∏ –∏ —Ä—É—á–∫—É. –ò —Ä–∏—Å—É–π.,original
–ó—Ä–µ–ª–æ—Å—Ç—å,üîÆ–í–æ–∑—å–º–∏ –ª–∏—Å—Ç–æ–∫ –±—É–º–∞–≥–∏ –∏ —Ä—É—á–∫—É. –ò –ø—Ä–æ—Å—Ç–æ —Ä–∏—Å—É–π.,paraphrase
–ó—Ä–µ–ª–æ—Å—Ç—å,"üîÆ–í–æ–∑—å–º–∏ –ª–∏—Å—Ç –±—É–º–∞–≥–∏ –∏ —Ä—É—á–∫—É. –ò —Ä–∏—Å—É–π. –≠—Ç–æ –ø–æ–º–æ–∂–µ—Ç –æ—Ç–≤–ª–µ—á—å—Å—è –æ—Ç –º—ã—Å–ª–µ–π –∏ —ç–º–æ—Ü–∏–π, –∫–æ—Ç–æ—Ä—ã–µ –º–æ–≥—É—Ç –º–µ—à–∞—Ç—å.",with_context
–ó—Ä–µ–ª–æ—Å—Ç—å,"üîÆ–ó—Ä–µ–ª–æ—Å—Ç—å ‚Äî —ç—Ç–æ –Ω–µ —Ç–æ–ª—å–∫–æ –≤–æ–∑—Ä–∞—Å—Ç, –Ω–æ –∏ –≥–ª—É–±–æ–∫–æ–µ –∑–Ω–∞–∫–æ–º—Å—Ç–≤–æ —Å —Å–∞–º–∏–º —Å–æ–±–æ–π, —Å –æ–∫—Ä—É–∂–∞—é—â–∏–º –º–∏—Ä–æ–º –∏ —Ä–µ–∞–ª—å–Ω–æ—Å—Ç—å—é.",alternative
–°–ª–æ–∂–Ω–æ–µ —Ä–µ—à–µ–Ω–∏–µ,"üîÆ–í—ã–±–∏—Ä–∞–π —Ç–æ, —á—Ç–æ —Ç–µ–±–µ –¥–æ—Ä–æ–≥–æ.",original
–°–ª–æ–∂–Ω–æ–µ —Ä–µ—à–µ–Ω–∏–µ,"üîÆ–í —Å–ª–æ–∂–Ω–æ–º —Ä–µ—à–µ–Ω–∏–∏, –æ—Å–æ–±–µ–Ω–Ω–æ –≤ —Å–∏—Ç—É–∞—Ü–∏—è—Ö, –≥–¥–µ –≤–∞–∂–Ω—ã —ç–º–æ—Ü–∏–æ–Ω–∞–ª—å–Ω—ã–µ –∏–ª–∏ —ç—Ç–∏—á–µ—Å–∫–∏–µ –æ—Ü–µ–Ω–∫–∏, –≤—ã–±–∏—Ä–∞–π —Ç–æ, —á—Ç–æ —Ç–µ–±–µ –¥–æ—Ä–æ–≥–æ.",with_context
–°–ª–æ–∂–Ω–æ–µ —Ä–µ—à–µ–Ω–∏–µ,"üîÆ–í –ø—Ä–æ—Ü–µ—Å—Å–µ –ø—Ä–∏–Ω—è—Ç–∏—è —Å–ª–æ–∂–Ω–æ–≥–æ —Ä–µ—à–µ–Ω–∏—è, –∫–æ–≥–¥–∞ –≤–∞–∂–Ω–æ —É—á–∏—Ç—ã–≤–∞—Ç—å –º–Ω–æ–∂–µ—Å—Ç–≤–æ —Ñ–∞–∫—Ç–æ—Ä–æ–≤ –∏ –∞–ª—å—Ç–µ—Ä–Ω–∞—Ç–∏–≤, –Ω—É–∂–Ω–æ –æ–ø–∏—Ä–∞—Ç—å—Å—è –Ω–∞ —Å–≤–æ–∏ —Å–æ–±—Å—Ç–≤–µ–Ω–Ω—ã–µ —Ü–µ–Ω–Ω–æ—Å—Ç–∏ –∏ –ø—Ä–∏–æ—Ä–∏—Ç–µ—Ç—ã. –í—ã–±–∏—Ä–∞–π —Ç–æ, —á—Ç–æ –¥–µ–π—Å—Ç–≤–∏—Ç–µ–ª—å–Ω–æ –¥–æ—Ä–æ–≥–æ —Ç–µ–±–µ.",with_context
–°–ª–æ–∂–Ω–æ–µ —Ä–µ—à–µ–Ω–∏–µ,"üîÆ–°–ª–µ–¥—É–π —Å–≤–æ–µ–º—É —Å–µ—Ä–¥—Ü—É.",alternative
–ó–¥–æ—Ä–æ–≤—å–µ,üîÆ–ù–µ –∑–∞–±—ã–≤–∞–π –æ—Ç–¥—ã—Ö–∞—Ç—å.,original
–ó–¥–æ—Ä–æ–≤—å–µ,"üîÆ–ù–µ –∑–∞–±—ã–≤–∞–π –æ—Ç–¥—ã—Ö–∞—Ç—å. –ó–¥–æ—Ä–æ–≤—å–µ –Ω–µ—Ä–∞–∑—Ä—ã–≤–Ω–æ —Å–≤—è–∑–∞–Ω–æ —Å –≤–æ—Å—Å—Ç–∞–Ω–æ–≤–ª–µ–Ω–∏–µ–º –∏ —Ä–µ–ª–∞–∫—Å–∞—Ü–∏–µ–π.",with_context
–ó–¥–æ—Ä–æ–≤—å–µ,üîÆ–ù–µ –∑–∞–±—É–¥—å –æ—Ç–¥–æ—Ö–Ω—É—Ç—å.,paraphrase
–ó–¥–æ—Ä–æ–≤—å–µ,üîÆ–ù–µ –∑–∞–±—ã–≤–∞–π –æ—Ç–¥–æ—Ö–Ω—É—Ç—å.,paraphrase
–î–µ–Ω—å–≥–∏,"üîÆ–û—Ç–∫—Ä–æ–π –±–∞–Ω–∫–æ–≤—Å–∫–æ–µ –æ–∫–Ω–æ, –¥–µ–Ω—å–≥–∏ –ø—Ä–∏–¥—É—Ç.",original
–î–µ–Ω—å–≥–∏,"üîÆ–û—Ç–∫—Ä–æ–π –≤—Ö–æ–¥–Ω—É—é –¥–≤–µ—Ä—å, –∏ –¥–µ–Ω—å–≥–∏ –Ω–∞—á–Ω—É—Ç —Ç–µ—á—å.",paraphrase
–î–µ–Ω—å–≥–∏,"üîÆ–°–∏–≥–Ω–∞–ª—ã –∏ –∑–Ω–∞–∫–∏, –∫–æ—Ç–æ—Ä—ã–µ –º—ã –ø–æ–ª—É—á–∞–µ–º, –¥–æ–ª–∂–Ω—ã –±—ã—Ç—å –ø—Ä–æ–∑—Ä–∞—á–Ω—ã–º–∏ –∏ —Å–æ—Ä–∞–∑–º–µ—Ä–Ω—ã–º–∏ –Ω–∞—à–µ–º—É –Ω–∞–º–µ—Ä–µ–Ω–∏—é.",with_context
–†–∞–±–æ—Ç–∞,"üîÆ–ü–æ–π–º–∏, —á—Ç–æ —Ç—ã –¥–µ–ª–∞–µ—à—å –ª—É—á—à–µ –¥—Ä—É–≥–∏—Ö, –∏ —Ç—ã –Ω–∞–π–¥—ë—à—å —Å–≤–æ–µ –º–µ—Å—Ç–æ —Å—Ä–µ–¥–∏ –∑–≤—ë–∑–¥.",original
–†–∞–±–æ—Ç–∞,"üîÆ–£–∑–Ω–∞–π, —á—Ç–æ —É–º–µ–µ—à—å –¥–µ–ª–∞—Ç—å –ª—É—á—à–µ –¥—Ä—É–≥–∏—Ö, –∏ —Ç—ã –Ω–∞–π–¥–µ—à—å —Å–≤–æ–µ –º–µ—Å—Ç–æ —Å—Ä–µ–¥–∏ –∑–≤—ë–∑–¥.",paraphrase
–†–∞–±–æ—Ç–∞,"üîÆ–í–æ–∑–º–æ–∂–Ω–æ, —Ä–∞–±–æ—Ç–∞, –∫–æ—Ç–æ—Ä—É—é —Ç—ã –≤—ã–±—Ä–∞–ª, –ª–∏—à—å —á–∞—Å—Ç—å –∫–∞—Ä—å–µ—Ä–Ω–æ–≥–æ –ø—É—Ç–∏, –∫–æ—Ç–æ—Ä—ã–π —Ç–µ–±–µ –ø—Ä–µ–¥—Å—Ç–æ–∏—Ç –ø—Ä–æ–π—Ç–∏.",alternative
–í—ã—Ö–æ–¥–Ω—ã–µ,üîÆ–û—Ç–¥–æ—Ö–Ω—É—Ç—å ‚Äî –∑–Ω–∞—á–∏—Ç –Ω–µ –∑–∞–±—ã—Ç—å –ø—Ä–æ–±—É–¥–∏—Ç—å—Å—è.,original
–í—ã—Ö–æ–¥–Ω—ã–µ,üîÆ–û—Ç–¥–æ—Ö–Ω—É—Ç—å ‚Äî –∑–Ω–∞—á–∏—Ç –Ω–µ –∑–∞–±—ã—Ç—å –ø—Ä–æ—Å–Ω—É—Ç—å—Å—è.,paraphrase
–í—ã—Ö–æ–¥–Ω—ã–µ,"üîÆ–û—Ç–¥–æ—Ö–Ω—É—Ç—å ‚Äî –∑–Ω–∞—á–∏—Ç –Ω–µ –∑–∞–±—ã—Ç—å –æ —Ç–æ–º, —á—Ç–æ —Ç—ã –ø—Ä–æ—Å–Ω—É–ª—Å—è.",paraphrase
–¢–∞–π–Ω—ã,"üîÆ–û—Ç–∫—Ä–æ–π –≥–ª–∞–∑–∞ —à–∏—Ä–æ–∫–æ, –∏ —Ç—ã —É–≤–∏–¥–∏—à—å —Ç–∞–π–Ω—É—é –∏–Ω—Ñ–æ—Ä–º–∞—Ü–∏—é, –∫–æ—Ç–æ—Ä—É—é –Ω–µ –∂–¥–∞–ª.",original
–¢–∞–π–Ω—ã,"üîÆ–ó–∞–≥–∞–¥–æ—á–Ω—ã–π –æ–≥–æ–Ω—å. –í–æ–∑–º–æ–∂–Ω–æ, –æ–Ω –∑–Ω–∞–µ—Ç —Ç–≤–æ–∏ —Ç–∞–π–Ω—ã.",alternative
–î–µ–Ω—å–≥–∏,"üîÆ–î–µ–Ω—å–≥–∏ ‚Äî —ç—Ç–æ –≤—Å–µ–≥–æ –ª–∏—à—å –∏–Ω—Å—Ç—Ä—É–º–µ–Ω—Ç, –Ω–µ —Å—Ç–æ–∏—Ç –∏—Ö –ø—Ä–µ–∑–∏—Ä–∞—Ç—å, –Ω–æ –∏ –æ–±–æ–∂–∞—Ç—å –Ω–µ –Ω–∞–¥–æ.",original
–î–µ–Ω—å–≥–∏,"üîÆ–î–µ–Ω—å–≥–∏ ‚Äî —ç—Ç–æ –∏–Ω—Å—Ç—Ä—É–º–µ–Ω—Ç—ã, –∫–æ—Ç–æ—Ä—ã–µ –º–æ–≥—É—Ç –±—ã—Ç—å –ø–æ–ª–µ–∑–Ω—ã–º–∏ –¥–ª—è –æ—Å—É—â–µ—Å—Ç–≤–ª–µ–Ω–∏—è –Ω–∞—à–µ–π –º–µ—á—Ç—ã, –Ω–æ —á—Ä–µ–∑–º–µ—Ä–Ω–æ–µ –ø—Ä–µ–∫–ª–æ–Ω–µ–Ω–∏–µ –ø–µ—Ä–µ–¥ –Ω–∏–º–∏ –Ω–µ –Ω–µ—Å—ë—Ç –Ω–∏—á–µ–≥–æ —Ö–æ—Ä–æ—à–µ–≥–æ.",with_context
–î–µ–Ω—å–≥–∏," üîÆ–î–µ–Ω—å–≥–∏ ‚Äî –ª–∏—à—å –æ–¥–∏–Ω –∏–∑ –∏–Ω—Å—Ç—Ä—É–º–µ–Ω—Ç–æ–≤, –∫–æ—Ç–æ—Ä—ã–º –º—ã —Ä–∞—Å–ø–æ–ª–∞–≥–∞–µ–º, –Ω–µ —Å—Ç–æ–∏—Ç –ø—Ä–µ–Ω–µ–±—Ä–µ–≥–∞—Ç—å –∏—Ö –∑–Ω–∞—á–µ–Ω–∏–µ–º, –Ω–æ –∏ –Ω–µ –Ω—É–∂–Ω–æ –∏–∑–ª–∏—à–Ω–µ –≤–æ—Å—Ö–∏—â–∞—Ç—å—Å—è.",paraphrase
–î–µ–Ω—å–≥–∏,"üîÆ–î–µ–Ω—å–≥–∏ ‚Äî —ç—Ç–æ —Å—Ä–µ–¥—Å—Ç–≤–æ, –∞ –Ω–µ —Ü–µ–ª—å. –ò–∑–±—ã—Ç–æ–∫ –¥–µ–Ω–µ–≥ –º–æ–∂–µ—Ç –±—ã—Ç—å –Ω–µ –ª—É—á—à–µ, —á–µ–º –∏—Ö –Ω–µ–¥–æ—Å—Ç–∞—Ç–æ–∫.",original
–î–µ–Ω—å–≥–∏,"üîÆ–î–µ–Ω—å–≥–∏ ‚Äî —ç—Ç–æ –∏–Ω—Å—Ç—Ä—É–º–µ–Ω—Ç, –∞ –Ω–µ –∫–æ–Ω–µ—á–Ω–∞—è —Ü–µ–ª—å. –ü—Ä–µ–≤—ã—à–µ–Ω–∏–µ –¥–µ–Ω–µ–∂–Ω—ã—Ö —Å—Ä–µ–¥—Å—Ç–≤ –Ω–µ –≤—Å–µ–≥–¥–∞ –ª—É—á—à–µ, —á–µ–º –∏—Ö –Ω–µ–¥–æ—Å—Ç–∞—Ç–æ–∫.",paraphrase
–î–µ–Ω—å–≥–∏,"üîÆ–ë–ª–∞–≥–æ–ø–æ–ª—É—á–∏–µ –∏ —É–¥–∞—á–∞ –≤ –¥–µ–ª–∞—Ö –∑–∞–≤–∏—Å—è—Ç –Ω–µ —Å—Ç–æ–ª—å–∫–æ –æ—Ç –Ω–∞–ª–∏—á–∏—è –±–æ–ª—å—à–∏—Ö –¥–µ–Ω–µ–≥, —Å–∫–æ–ª—å–∫–æ –æ—Ç —É–º–µ–ª–æ–≥–æ –∏—Ö –∏—Å–ø–æ–ª—å–∑–æ–≤–∞–Ω–∏—è.",alternative
–î–µ–Ω—å–≥–∏,"üîÆ–î–µ–Ω—å–≥–∏ ‚Äî —ç—Ç–æ –∏–Ω—Å—Ç—Ä—É–º–µ–Ω—Ç, –∞ –Ω–µ –∫–æ–Ω–µ—á–Ω–∞—è —Ü–µ–ª—å. –ü–µ—Ä–µ–∏–∑–±—ã—Ç–æ–∫ –¥–µ–Ω–µ–≥ –º–æ–∂–µ—Ç –æ–∫–∞–∑–∞—Ç—å—Å—è –¥–∞–∂–µ —Ö—É–∂–µ, —á–µ–º –∏—Ö –¥–µ—Ñ–∏—Ü–∏—Ç.",paraphrase
–î–µ—Ç–∏,üîÆ–ù–µ –±–æ–π—Å—è —Å–∫–∞–∑–∞—Ç—å –≥–ª—É–ø–æ—Å—Ç—å.,original
–î–µ–Ω—å–≥–∏,üîÆ–ü—É—Å—Ç—å –¥–µ–Ω—å–≥–∏ —Ç–µ–±—è —Å–ª—É—à–∞—é—Ç—Å—è.,original
–î–µ–Ω—å–≥–∏,"üîÆ–í—ã–±–µ—Ä–∏ —Å–≤–æ—é –¥–æ—Ä–æ–≥—É –≤ –º–∏—Ä–µ —Ñ–∏–Ω–∞–Ω—Å–æ–≤, –Ω–µ –ø–æ–∑–≤–æ–ª—è—è —Å—Ç—Ä–∞—Ö–∞–º –∏ –ø—Ä–µ–¥—Ä–∞—Å—Å—É–¥–∫–∞–º —Ç–µ–±–µ –º–µ—à–∞—Ç—å.",alternative
–ó–¥–æ—Ä–æ–≤—å–µ,üîÆ–û—Ç–∫—Ä–æ–π –≥–ª–∞–∑–∞ –∏ —Å–µ—Ä—å—ë–∑–Ω–æ –æ—Ç–Ω–æ—Å–∏—Å—å –∫ —Å–≤–æ–µ–º—É –∑–¥–æ—Ä–æ–≤—å—é.,original
–í—ã—Ö–æ–¥–Ω—ã–µ,"üîÆ–û—Ç–ø—Ä–∞–≤–ª—è–π—Å—è –≤ –ø—É—Ç—å, —á—Ç–æ–±—ã –Ω–∞–π—Ç–∏ –æ—Ç–¥—ã—Ö –∏ —Ä–∞–¥–æ—Å—Ç—å –∫–∞–∂–¥—ã–π –¥–µ–Ω—å.",original
–í—ã—Ö–æ–¥–Ω—ã–µ,"üîÆ–ü—É—Å—Ç—å —Ç–≤–æ—è –∂–∏–∑–Ω—å —Å—Ç–∞–Ω–µ—Ç –∏–≥—Ä–æ–π, –≤ –∫–æ—Ç–æ—Ä–æ–π –∫–∞–∂–¥—ã–π –¥–µ–Ω—å –±—É–¥–µ—Ç –ø–æ–ª–æ–Ω —Ä–∞–¥–æ—Å—Ç–∏ –∏ –æ—Ç–¥—ã—Ö–∞.",paraphrase
–í—ã—Ö–æ–¥–Ω—ã–µ,"üîÆ–ü—É—Å—Ç—å —Ç–≤–æ—è –∂–∏–∑–Ω—å –±—É–¥–µ—Ç –ø–æ—Ö–æ–∂–∞ –Ω–∞ –∫–Ω–∏–≥—É, –≥–¥–µ –∫–∞–∂–¥—ã–π –¥–µ–Ω—å –æ—Ç–∫—Ä—ã–≤–∞–µ—à—å –¥–ª—è —Å–µ–±—è –Ω–æ–≤—ã–µ —Å—Ç—Ä–∞–Ω–∏—Ü—ã —Ä–∞–¥–æ—Å—Ç–∏ –∏ –ø–æ–∫–æ—è.",paraphrase
–ó–¥–æ—Ä–æ–≤—å–µ,"üîÆ–ù–µ –∑–∞–±—ã–≤–∞–π, —á—Ç–æ –Ω–∞—à–∞ —Å–∏–ª–∞ –Ω–µ –±–µ—Å–∫–æ–Ω–µ—á–Ω–∞. –£—Å–ø–µ–≤–∞–π –≤–æ—Å—Å—Ç–∞–Ω–∞–≤–ª–∏–≤–∞—Ç—å—Å—è.",original
–ó–¥–æ—Ä–æ–≤—å–µ,"üîÆ–ù–µ –∑–∞–±—ã–≤–∞–π, —á—Ç–æ —Å–∏–ª–∞ –Ω–∞—à–µ–≥–æ –ø–æ—Ç–µ–Ω—Ü–∏–∞–ª–∞ –æ–≥—Ä–∞–Ω–∏—á–µ–Ω–∞. –£—Å–ø–µ–≤–∞–π –≤–æ–∑–≤—Ä–∞—â–∞—Ç—å —Å–∏–ª—É.",paraphrase
–ó–¥–æ—Ä–æ–≤—å–µ,üîÆ–û—Ç–¥–æ—Ö–Ω—É—Ç—å ‚Äî —ç—Ç–æ –∑–Ω–∞—á–∏—Ç –±—ã—Ç—å –∑–¥–æ—Ä–æ–≤—ã–º.,original
–ó–¥–æ—Ä–æ–≤—å–µ,üîÆ–û—Ç–¥—ã—Ö ‚Äî —ç—Ç–æ –∑–Ω–∞—á–∏—Ç –±—ã—Ç—å –∑–¥–æ—Ä–æ–≤—ã–º –∏ –∞–∫—Ç–∏–≤–Ω—ã–º.,paraphrase
–ó–¥–æ—Ä–æ–≤—å–µ,"üîÆ–ó–¥–æ—Ä–æ–≤—å–µ ‚Äî —ç—Ç–æ –∫–ª—é—á –∫ –≥–∞—Ä–º–æ–Ω–∏—á–Ω–æ–º—É –∏ –ø—Ä–æ–¥—É–∫—Ç–∏–≤–Ω–æ–º—É —Å—É—â–µ—Å—Ç–≤–æ–≤–∞–Ω–∏—é —á–µ–ª–æ–≤–µ–∫–∞. –û—Ç–¥—ã—Ö —Å–ø–æ—Å–æ–±—Å—Ç–≤—É–µ—Ç —Ñ–∏–∑–∏—á–µ—Å–∫–æ–º—É –≤–æ—Å—Å—Ç–∞–Ω–æ–≤–ª–µ–Ω–∏—é –∏ –ø–æ–ª–æ–∂–∏—Ç–µ–ª—å–Ω–æ –≤–ª–∏—è–µ—Ç –Ω–∞ –ø—Å–∏—Ö–æ–ª–æ–≥–∏—á–µ—Å–∫–æ–µ —Å–æ—Å—Ç–æ—è–Ω–∏–µ.",with_context
–ó–¥–æ—Ä–æ–≤—å–µ,üîÆ–ò—â–∏ –æ—Ç–≤–µ—Ç—ã –≤ —Å–∞–º—ã—Ö –º–∞–ª–µ–Ω—å–∫–∏—Ö –≤–µ—â–∞—Ö.,original
–ó–¥–æ—Ä–æ–≤—å–µ,"üîÆ–ò—â–∏ –æ—Ç–≤–µ—Ç—ã –≤ –º–µ–ª–æ—á–∞—Ö –∂–∏–∑–Ω–∏.",with_context
–ü—É—Ç–µ—à–µ—Å—Ç–≤–∏—è,"üîÆ–û—Ç–ø—Ä–∞–≤–ª—è–π—Å—è –≤ –ø—É—Ç—å, —Ç–∞–∫ –∫–∞–∫ –æ–∂–∏–¥–∞–Ω–∏–µ –Ω–µ –ø—Ä–∏–Ω–æ—Å–∏—Ç —Å–º—ã—Å–ª–∞.",original
–ü—É—Ç–µ—à–µ—Å—Ç–≤–∏—è,"üîÆ–û—Ç–ø—Ä–∞–≤–ª—è—è—Å—å –≤ –ø—É—Ç–µ—à–µ—Å—Ç–≤–∏–µ, –Ω–µ –∂–¥–∏ –∏–¥–µ–∞–ª—å–Ω—ã—Ö —É—Å–ª–æ–≤–∏–π, –∏—Ö –Ω–∏–∫–æ–≥–¥–∞ –Ω–µ –±—É–¥–µ—Ç –¥–æ—Å—Ç–∞—Ç–æ—á–Ω–æ.",with_context
–°–ª–æ–∂–Ω–æ–µ —Ä–µ—à–µ–Ω–∏–µ,üîÆ–ù–µ –∑–∞–±–ª—É–¥–∏—Å—å –≤ —Ç–æ–ª–ø–µ –º–Ω–µ–Ω–∏–π.,original
–°–ª–æ–∂–Ω–æ–µ —Ä–µ—à–µ–Ω–∏–µ,üîÆ–ù–µ —Ç–µ—Ä—è–π—Å—è –≤ –º–æ—Ä–µ –º–Ω–µ–Ω–∏–π.,paraphrase
–ü—É—Ç–µ—à–µ—Å—Ç–≤–∏—è,"üîÆ–û—Ç–∫—Ä–æ–π –ø—É—Ç–µ–≤–æ–¥–∏—Ç–µ–ª—å, –Ω–æ –ª—É—á—à–µ ‚Äî –∫–∞—Ä—Ç—É.",original
–ü—É—Ç–µ—à–µ—Å—Ç–≤–∏—è,"üîÆ–ü—É—Ç–µ—à–µ—Å—Ç–≤–∏–µ ‚Äî —ç—Ç–æ –Ω–µ —Ç–æ–ª—å–∫–æ –ø—É—Ç—å –∫ –¥–∞–ª–µ–∫–∏–º –∫—Ä–∞—è–º, –Ω–æ –∏ –ø—É—Ç—å –∫ —Å–∞–º–æ–º—É —Å–µ–±–µ. –ö–∞–∂–¥—ã–π —à–∞–≥ –∑–∞—Å—Ç–∞–≤–ª—è–µ—Ç –Ω–∞—Å —Ä–∞—Å—à–∏—Ä—è—Ç—å –≥—Ä–∞–Ω–∏—Ü—ã –Ω–∞—à–µ–≥–æ –∑–Ω–∞–Ω–∏—è, —á—É–≤—Å—Ç–≤ –∏ –≤–æ–æ–±—Ä–∞–∂–µ–Ω–∏—è.",alternative
–ó–¥–æ—Ä–æ–≤—å–µ,üîÆ–û—Ç–¥–æ—Ö–Ω—É—Ç—å –ø–æ—Å–ª–µ —Ä–∞–±–æ—Ç—ã ‚Äî —ç—Ç–æ –∑–Ω–∞—á–∏—Ç –∑–∞–±–æ—Ç–∏—Ç—å—Å—è –æ —Å–≤–æ—ë–º –∑–¥–æ—Ä–æ–≤—å–µ.,original
–ó–¥–æ—Ä–æ–≤—å–µ,"üîÆ–û—Ç–¥–æ—Ö–Ω—É—Ç—å –ø–æ—Å–ª–µ —Ä–∞–±–æ—Ç—ã ‚Äî —ç—Ç–æ –∑–Ω–∞—á–∏—Ç –∑–∞–±–æ—Ç–∏—Ç—å—Å—è –æ —Å–≤–æ—ë–º –∑–¥–æ—Ä–æ–≤—å–µ, –ø–æ—Å–∫–æ–ª—å–∫—É –ø–æ–∑–≤–æ–ª—è–µ—Ç —Å–Ω—è—Ç—å —Å—Ç—Ä–µ—Å—Å –∏ —É–ª—É—á—à–∏—Ç—å —Ä–∞–±–æ—Ç–æ—Å–ø–æ—Å–æ–±–Ω–æ—Å—Ç—å.",with_context
–ó–¥–æ—Ä–æ–≤—å–µ,"üîÆ–û—Ç–¥—ã—Ö –ø–æ—Å–ª–µ –Ω–∞–≥—Ä—É–∑–∫–∏ ‚Äî —ç—Ç–æ –∑–Ω–∞—á–∏—Ç –∑–∞–±–æ—Ç–∏—Ç—å—Å—è –æ —Å–æ–±—Å—Ç–≤–µ–Ω–Ω–æ–º –∑–¥–æ—Ä–æ–≤—å–µ –∏ –±–ª–∞–≥–æ–ø–æ–ª—É—á–∏–∏.",paraphrase
